20184105,https://ssl.pstatic.net/imgmovie/mdi/mit110/1676/167699_P40_175859.jpg,https://movie.naver.com/movie/bi/mi/basic.nhn?code=167699,9.04
20176251,https://ssl.pstatic.net/imgmovie/mdi/mit110/1641/164172_P26_152224.jpg,https://movie.naver.com/movie/bi/mi/basic.nhn?code=164172,8.70
20189463,https://ssl.pstatic.net/imgmovie/mdi/mit110/1526/152632_P19_104759.jpg,https://movie.naver.com/movie/bi/mi/basic.nhn?code=152632,8.76
20180290,https://ssl.pstatic.net/imgmovie/mdi/mit110/1511/151153_P19_095147.jpg,https://movie.naver.com/movie/bi/mi/basic.nhn?code=151153,8.39
20183915,https://ssl.pstatic.net/imgmovie/mdi/mit110/1803/180372_P16_101254.jpg,https://movie.naver.com/movie/bi/mi/basic.nhn?code=180372,9.18
20185485,https://ssl.pstatic.net/imgmovie/mdi/mit110/1564/156464_P49_182103.jpg,https://movie.naver.com/movie/bi/mi/basic.nhn?code=156464,9.46
20184574,https://ssl.pstatic.net/imgmovie/mdi/mit110/1715/171539_P26_135622.jpg,https://movie.naver.com/movie/bi/mi/basic.nhn?code=171539,9.67
20186281,https://ssl.pstatic.net/imgmovie/mdi/mit110/1641/164139_P12_153521.jpg,https://movie.naver.com/movie/bi/mi/basic.nhn?code=164139,8.14
20170658,https://ssl.pstatic.net/imgmovie/mdi/mit110/1660/166092_P35_104446.jpg,https://movie.naver.com/movie/bi/mi/basic.nhn?code=166092,5.32
20175547,https://ssl.pstatic.net/imgmovie/mdi/mit110/1641/164101_P62_155759.jpg,https://movie.naver.com/movie/bi/mi/basic.nhn?code=164101,8.43
20183785,https://ssl.pstatic.net/imgmovie/mdi/mit110/1803/180379_P32_111508.jpg,https://movie.naver.com/movie/bi/mi/basic.nhn?code=180379,9.17
20184187,https://ssl.pstatic.net/imgmovie/mdi/mit110/1523/152344_P75_112734.jpg,https://movie.naver.com/movie/bi/mi/basic.nhn?code=152344,5.77
20182421,https://ssl.pstatic.net/imgmovie/mdi/mit110/1506/150688_P30_101919.jpg,https://movie.naver.com/movie/bi/mi/basic.nhn?code=150688,8.36
20168773,https://ssl.pstatic.net/imgmovie/mdi/mit110/1572/157297_P23_134212.jpg,https://movie.naver.com/movie/bi/mi/basic.nhn?code=157297,6.50
20183479,https://ssl.pstatic.net/imgmovie/mdi/mit110/1729/172975_P10_141815.jpg,https://movie.naver.com/movie/bi/mi/basic.nhn?code=172975,8.45
20183238,https://ssl.pstatic.net/imgmovie/mdi/mit110/1717/171725_P18_175530.jpg,https://movie.naver.com/movie/bi/mi/basic.nhn?code=171725,9.26
20177552,https://ssl.pstatic.net/imgmovie/mdi/mit110/1641/164192_P45_134107.jpg,https://movie.naver.com/movie/bi/mi/basic.nhn?code=164192,8.17
20179230,https://ssl.pstatic.net/imgmovie/mdi/mit110/1717/171755_P39_140011.jpg,https://movie.naver.com/movie/bi/mi/basic.nhn?code=171755,6.26
20183375,https://ssl.pstatic.net/imgmovie/mdi/mit110/1721/172187_P19_110125.jpg,https://movie.naver.com/movie/bi/mi/basic.nhn?code=172187,9.04
20189843,https://ssl.pstatic.net/imgmovie/mdi/mit110/1586/158622_P18_142307.jpg,https://movie.naver.com/movie/bi/mi/basic.nhn?code=158622,7.38
20182082,https://ssl.pstatic.net/imgmovie/mdi/mit110/1714/171452_P19_174244.jpg,https://movie.naver.com/movie/bi/mi/basic.nhn?code=171452,7.85
20178825,https://ssl.pstatic.net/imgmovie/mdi/mit110/1564/156496_P24_153246.jpg,https://movie.naver.com/movie/bi/mi/basic.nhn?code=156496,6.39
20183745,https://ssl.pstatic.net/imgmovie/mdi/mit110/1803/180384_P14_152246.jpg,https://movie.naver.com/movie/bi/mi/basic.nhn?code=180384,7.75
20177538,https://ssl.pstatic.net/imgmovie/mdi/mit110/1676/167638_P71_133542.jpg,https://movie.naver.com/movie/bi/mi/basic.nhn?code=167638,8.66
20184481,https://ssl.pstatic.net/imgmovie/mdi/mit110/1748/174835_P26_105639.jpg,https://movie.naver.com/movie/bi/mi/basic.nhn?code=174835,7.59
20181905,https://ssl.pstatic.net/imgmovie/mdi/mit110/1442/144266_P15_111933.jpg,https://movie.naver.com/movie/bi/mi/basic.nhn?code=144266,7.15
